Number,Address,Area Name,Person Name,MapFile
001,BLANCAPEAK,Blanca Peak,Blanca Peak,https://raw.githubusercontent.com/Paurian/Ent/main/Level4f.svg
002,CASTLEPEAK,Castle Peak,Castle Peak,https://raw.githubusercontent.com/Paurian/Ent/main/Level4f.svg
003,EVANSPEAK,Evans Peak,Evans Peak,https://raw.githubusercontent.com/Paurian/Ent/main/Level4f.svg
004,GRAYSPEAK,Grays Peak,Grays Peak,https://raw.githubusercontent.com/Paurian/Ent/main/Level4f.svg
005,GRIZZLYPEAK,Grizzly Peak,Grizzly Peak,https://raw.githubusercontent.com/Paurian/Ent/main/Level4f.svg
006,LAPLATAPEAK,La Plata Peak,La Plata Peak,https://raw.githubusercontent.com/Paurian/Ent/main/Level4f.svg
007,LONGSPEAK,Longs Peak,Longs Peak,https://raw.githubusercontent.com/Paurian/Ent/main/Level4f.svg
008,MTELBERT,Mt Elbert,Evans Peak,https://raw.githubusercontent.com/Paurian/Ent/main/Level4f.svg
009,MTSNEFFELS,Mt Sneffels,Mt Sneffels,https://raw.githubusercontent.com/Paurian/Ent/main/Level4f.svg
010,PIKESPEAK,Pikes Peak,Pikes Peak,https://raw.githubusercontent.com/Paurian/Ent/main/Level4f.svg
011,QUANDRYPEAK,Quandry Peak,Quandry Peak,https://raw.githubusercontent.com/Paurian/Ent/main/Level4f.svg
122,4C122,4C122,,https://raw.githubusercontent.com/Paurian/Ent/main/Level4f.svg
151,4C151,4C151,Harmony Crofoot,https://raw.githubusercontent.com/Paurian/Ent/main/Level4f.svg
152,4C152_O,4C152_O,Drew Brandon,https://raw.githubusercontent.com/Paurian/Ent/main/Level4f.svg
153,4C153,4C153_O,David DeStefano,https://raw.githubusercontent.com/Paurian/Ent/main/Level4f.svg
154,4C154,4C154_O,,https://raw.githubusercontent.com/Paurian/Ent/main/Level4f.svg
155,4C155,4C155_O,Shana Llewellyn,https://raw.githubusercontent.com/Paurian/Ent/main/Level4f.svg
156,4C156,4C156_O,Greg Warren,https://raw.githubusercontent.com/Paurian/Ent/main/Level4f.svg
157,4C157,4C157,,https://raw.githubusercontent.com/Paurian/Ent/main/Level4f.svg
158,4C158,4C158,Bri Gipson,https://raw.githubusercontent.com/Paurian/Ent/main/Level4f.svg
159,4C159,4C159,,https://raw.githubusercontent.com/Paurian/Ent/main/Level4f.svg
160,4C160,4C160,Al Otley,https://raw.githubusercontent.com/Paurian/Ent/main/Level4f.svg
161,4C161,4C161,Phillip Simmons,https://raw.githubusercontent.com/Paurian/Ent/main/Level4f.svg
162,4C162,4C162,Mike Peters,https://raw.githubusercontent.com/Paurian/Ent/main/Level4f.svg
163,4C163,4C163,David Snavely,https://raw.githubusercontent.com/Paurian/Ent/main/Level4f.svg
164,4C164,4C164,Katherine Jewell,https://raw.githubusercontent.com/Paurian/Ent/main/Level4f.svg
165,4C165,4C165,Daniel Martinez,https://raw.githubusercontent.com/Paurian/Ent/main/Level4f.svg
166,4C166,4C166,Diana Hartle,https://raw.githubusercontent.com/Paurian/Ent/main/Level4f.svg
199,4S199,4S199,,https://raw.githubusercontent.com/Paurian/Ent/main/Level4f.svg
200,4S200,4S200,,https://raw.githubusercontent.com/Paurian/Ent/main/Level4f.svg
201,4S201,4S201,,https://raw.githubusercontent.com/Paurian/Ent/main/Level4f.svg
202,4S202,4S202,,https://raw.githubusercontent.com/Paurian/Ent/main/Level4f.svg
203,4S203,4S203,,https://raw.githubusercontent.com/Paurian/Ent/main/Level4f.svg
204,4S204,4S204,,https://raw.githubusercontent.com/Paurian/Ent/main/Level4f.svg
205,4S205,4S205,,https://raw.githubusercontent.com/Paurian/Ent/main/Level4f.svg
206,4S206,4S206,,https://raw.githubusercontent.com/Paurian/Ent/main/Level4f.svg
207,4S207,4S207,,https://raw.githubusercontent.com/Paurian/Ent/main/Level4f.svg
208,4S208,4S208,,https://raw.githubusercontent.com/Paurian/Ent/main/Level4f.svg
209,4S209,4S209,,https://raw.githubusercontent.com/Paurian/Ent/main/Level4f.svg
210,4S210,4S210,,https://raw.githubusercontent.com/Paurian/Ent/main/Level4f.svg
211,4S211,4S211,,https://raw.githubusercontent.com/Paurian/Ent/main/Level4f.svg
212,4S212,4S212,,https://raw.githubusercontent.com/Paurian/Ent/main/Level4f.svg
213,4S213,4S213,,https://raw.githubusercontent.com/Paurian/Ent/main/Level4f.svg
214,4S214,4S214,,https://raw.githubusercontent.com/Paurian/Ent/main/Level4f.svg
215,4S215,4S215,,https://raw.githubusercontent.com/Paurian/Ent/main/Level4f.svg
216,4S216,4S216,,https://raw.githubusercontent.com/Paurian/Ent/main/Level4f.svg
217,4S217,4S217,,https://raw.githubusercontent.com/Paurian/Ent/main/Level4f.svg
218,4S218,4S218,,https://raw.githubusercontent.com/Paurian/Ent/main/Level4f.svg
219,4S219,4S219,,https://raw.githubusercontent.com/Paurian/Ent/main/Level4f.svg
220,4S220,4S220,,https://raw.githubusercontent.com/Paurian/Ent/main/Level4f.svg
221,4S221,4S221,,https://raw.githubusercontent.com/Paurian/Ent/main/Level4f.svg
222,4S222,4S222,,https://raw.githubusercontent.com/Paurian/Ent/main/Level4f.svg
223,4S223,4S223,,https://raw.githubusercontent.com/Paurian/Ent/main/Level4f.svg
224,4S224,4S224,,https://raw.githubusercontent.com/Paurian/Ent/main/Level4f.svg
225,4S225,4S225,,https://raw.githubusercontent.com/Paurian/Ent/main/Level4f.svg
226,4S226,4S226,,https://raw.githubusercontent.com/Paurian/Ent/main/Level4f.svg
227,4S227,4S227,,https://raw.githubusercontent.com/Paurian/Ent/main/Level4f.svg
228,4S228,4S228,,https://raw.githubusercontent.com/Paurian/Ent/main/Level4f.svg
229,4S229,4S229,,https://raw.githubusercontent.com/Paurian/Ent/main/Level4f.svg
230,4S230,4S230,,https://raw.githubusercontent.com/Paurian/Ent/main/Level4f.svg
233,4S233,4S233,,https://raw.githubusercontent.com/Paurian/Ent/main/Level4f.svg
234,4S234,4S234,,https://raw.githubusercontent.com/Paurian/Ent/main/Level4f.svg
235,4S235,4S235,,https://raw.githubusercontent.com/Paurian/Ent/main/Level4f.svg
236,4S236,4S236,,https://raw.githubusercontent.com/Paurian/Ent/main/Level4f.svg
237,4S237,4S237,,https://raw.githubusercontent.com/Paurian/Ent/main/Level4f.svg
238,4S238,4S238,,https://raw.githubusercontent.com/Paurian/Ent/main/Level4f.svg
239,4S239,4S239,,https://raw.githubusercontent.com/Paurian/Ent/main/Level4f.svg
240,4S240,4S240,,https://raw.githubusercontent.com/Paurian/Ent/main/Level4f.svg
241,4S241,4S241_O,,https://raw.githubusercontent.com/Paurian/Ent/main/Level4f.svg
242,4S242,4S242_O,,https://raw.githubusercontent.com/Paurian/Ent/main/Level4f.svg
243,4S243,4S243_O,,https://raw.githubusercontent.com/Paurian/Ent/main/Level4f.svg
244,4S244,4S244_O,,https://raw.githubusercontent.com/Paurian/Ent/main/Level4f.svg
245,4S245,4S245_O,,https://raw.githubusercontent.com/Paurian/Ent/main/Level4f.svg
246,4S246,4S246_O,,https://raw.githubusercontent.com/Paurian/Ent/main/Level4f.svg
247,4S247,4S247,,https://raw.githubusercontent.com/Paurian/Ent/main/Level4f.svg
248,4S248,4S248,,https://raw.githubusercontent.com/Paurian/Ent/main/Level4f.svg
249,4S249,4S249,,https://raw.githubusercontent.com/Paurian/Ent/main/Level4f.svg
250,4S250,4S250,,https://raw.githubusercontent.com/Paurian/Ent/main/Level4f.svg
251,4S251,4S251,,https://raw.githubusercontent.com/Paurian/Ent/main/Level4f.svg
252,4S252,4S252,,https://raw.githubusercontent.com/Paurian/Ent/main/Level4f.svg
253,4S253,4S253,,https://raw.githubusercontent.com/Paurian/Ent/main/Level4f.svg
254,4S254,4S254,,https://raw.githubusercontent.com/Paurian/Ent/main/Level4f.svg
327,4W327,4W327,,https://raw.githubusercontent.com/Paurian/Ent/main/Level4f.svg
328,4W328,4W328,,https://raw.githubusercontent.com/Paurian/Ent/main/Level4f.svg
329,4W329,4W329,,https://raw.githubusercontent.com/Paurian/Ent/main/Level4f.svg
330,4W330,4W330,,https://raw.githubusercontent.com/Paurian/Ent/main/Level4f.svg
331,4W331,4W331,,https://raw.githubusercontent.com/Paurian/Ent/main/Level4f.svg
332,4W332,4W332,,https://raw.githubusercontent.com/Paurian/Ent/main/Level4f.svg
333,4W333,4W333,,https://raw.githubusercontent.com/Paurian/Ent/main/Level4f.svg
334,4W334,4W334,,https://raw.githubusercontent.com/Paurian/Ent/main/Level4f.svg
418,4N418,4N418,,https://raw.githubusercontent.com/Paurian/Ent/main/Level4f.svg
